package,version,declared_license,available_license_option,sha256,source_archive,repository,license_files_in_archive
aho-corasick,1.1.5,Unlicense OR MIT,MIT,c982642fa9e8606056828ee9a8505737230110bb1099153c79efe865c59d12ba,https://static.crates.io/crates/aho-corasick/aho-corasick-1.1.5.crate,https://github.com/BurntSushi/aho-corasick,aho-corasick-1.1.5/COPYING; aho-corasick-1.1.5/LICENSE-MIT; aho-corasick-1.1.5/UNLICENSE
aligned,0.4.3,MIT OR Apache-2.0,MIT,ee4508988c62edf04abd8d92897fca0c2995d907ce1dfeaf369dac3716a40685,https://static.crates.io/crates/aligned/aligned-0.4.3.crate,https://github.com/rust-embedded-community/aligned,aligned-0.4.3/LICENSE-APACHE; aligned-0.4.3/LICENSE-MIT
android_system_properties,0.1.6,MIT OR Apache-2.0,MIT,ae221649c9976a6f6c56ae1facf410f3ddb33cc661c4b7b61020a912d4237fbc,https://static.crates.io/crates/android_system_properties/android_system_properties-0.1.6.crate,https://github.com/nical/android_system_properties,android_system_properties-0.1.6/LICENSE-APACHE; android_system_properties-0.1.6/LICENSE-MIT
anyhow,1.0.104,MIT OR Apache-2.0,MIT,330a5ed07fa54e4702c9d6c4174f74427fc0ef6e214bbd677ae50a5099946470,https://static.crates.io/crates/anyhow/anyhow-1.0.104.crate,https://github.com/dtolnay/anyhow,anyhow-1.0.104/LICENSE-APACHE; anyhow-1.0.104/LICENSE-MIT
as-slice,0.2.1,MIT OR Apache-2.0,MIT,516b6b4f0e40d50dcda9365d53964ec74560ad4284da2e7fc97122cd83174516,https://static.crates.io/crates/as-slice/as-slice-0.2.1.crate,https://github.com/japaric/as-slice,as-slice-0.2.1/LICENSE-APACHE; as-slice-0.2.1/LICENSE-MIT
atomic-waker,1.1.2,Apache-2.0 OR MIT,MIT,1505bd5d3d116872e7271a6d4e16d81d0c8570876c8de68093a09ac269d8aac0,https://static.crates.io/crates/atomic-waker/atomic-waker-1.1.2.crate,https://github.com/smol-rs/atomic-waker,atomic-waker-1.1.2/LICENSE-APACHE; atomic-waker-1.1.2/LICENSE-MIT; atomic-waker-1.1.2/LICENSE-THIRD-PARTY
autocfg,1.5.1,Apache-2.0 OR MIT,MIT,f2032f911046de80f0a198e0901378627c33f59ea0ac00e363d481118bd70a53,https://static.crates.io/crates/autocfg/autocfg-1.5.1.crate,https://github.com/cuviper/autocfg,autocfg-1.5.1/LICENSE-APACHE; autocfg-1.5.1/LICENSE-MIT
az,1.2.1,MIT/Apache-2.0,MIT,7b7e4c2464d97fe331d41de9d5db0def0a96f4d823b8b32a2efd503578988973,https://static.crates.io/crates/az/az-1.2.1.crate,https://gitlab.com/tspiteri/az,az-1.2.1/LICENSE-APACHE; az-1.2.1/LICENSE-MIT
bindgen,0.71.1,BSD-3-Clause,BSD-3-Clause,5f58bf3d7db68cfbac37cfc485a8d711e87e064c3d0fe0435b92f7a407f9d6b3,https://static.crates.io/crates/bindgen/bindgen-0.71.1.crate,https://github.com/rust-lang/rust-bindgen,bindgen-0.71.1/LICENSE
bitflags,1.3.2,MIT/Apache-2.0,MIT,bef38d45163c2f1dde094a7dfd33ccf595c92905c8f8f4fdc18d06fb1037718a,https://static.crates.io/crates/bitflags/bitflags-1.3.2.crate,https://github.com/bitflags/bitflags,bitflags-1.3.2/LICENSE-APACHE; bitflags-1.3.2/LICENSE-MIT
bitflags,2.13.2,MIT OR Apache-2.0,MIT,3ded4057c258ba199e2d26386d3af3780957ecaee6c4ef4041c6b4b8b97c0b06,https://static.crates.io/crates/bitflags/bitflags-2.13.2.crate,https://github.com/bitflags/bitflags,bitflags-2.13.2/LICENSE-APACHE; bitflags-2.13.2/LICENSE-MIT
bstr,1.13.1,MIT OR Apache-2.0,MIT,6bb31b46c14244e20ee9984b11bf5c992b91fb6939fea616e3512c8baecdbe5f,https://static.crates.io/crates/bstr/bstr-1.13.1.crate,https://github.com/BurntSushi/bstr,bstr-1.13.1/COPYING; bstr-1.13.1/LICENSE-APACHE; bstr-1.13.1/LICENSE-MIT
build-time,0.1.3,MIT,MIT,f1219c19fc29b7bfd74b7968b420aff5bc951cf517800176e795d6b2300dd382,https://static.crates.io/crates/build-time/build-time-0.1.3.crate,https://github.com/AlephAlpha/build-time,
bumpalo,3.20.3,MIT OR Apache-2.0,MIT,72f5acc6cb2ba439de613abc23857ec3d78374d8ed5ac84e9d11336e87da8649,https://static.crates.io/crates/bumpalo/bumpalo-3.20.3.crate,https://github.com/fitzgen/bumpalo,bumpalo-3.20.3/LICENSE-APACHE; bumpalo-3.20.3/LICENSE-MIT
byteorder,1.5.0,Unlicense OR MIT,MIT,1fd0f2584146f6f2ef48085050886acf353beff7305ebd1ae69500e27c67f64b,https://static.crates.io/crates/byteorder/byteorder-1.5.0.crate,https://github.com/BurntSushi/byteorder,byteorder-1.5.0/COPYING; byteorder-1.5.0/LICENSE-MIT; byteorder-1.5.0/UNLICENSE
camino,1.2.6,MIT OR Apache-2.0,MIT,bbbad30e4b4c14a39e3cc8aed085a12a327257c316619c93581e017bc52be591,https://static.crates.io/crates/camino/camino-1.2.6.crate,https://github.com/camino-rs/camino,camino-1.2.6/LICENSE-APACHE; camino-1.2.6/LICENSE-MIT
cargo-platform,0.1.9,MIT OR Apache-2.0,MIT,e35af189006b9c0f00a064685c727031e3ed2d8020f7ba284d78cc2671bd36ea,https://static.crates.io/crates/cargo-platform/cargo-platform-0.1.9.crate,https://github.com/rust-lang/cargo,cargo-platform-0.1.9/LICENSE-APACHE; cargo-platform-0.1.9/LICENSE-MIT
cargo_metadata,0.18.1,MIT,MIT,2d886547e41f740c616ae73108f6eb70afe6d940c7bc697cb30f13daec073037,https://static.crates.io/crates/cargo_metadata/cargo_metadata-0.18.1.crate,https://github.com/oli-obk/cargo_metadata,cargo_metadata-0.18.1/LICENSE-MIT
cc,1.5.1,MIT OR Apache-2.0,MIT,f360145194ee8e21db5ee7f3fcd4fe52210864c75c985dae33218202c8bbe040,https://static.crates.io/crates/cc/cc-1.5.1.crate,https://github.com/rust-lang/cc-rs,cc-1.5.1/LICENSE-APACHE; cc-1.5.1/LICENSE-MIT
cexpr,0.6.0,Apache-2.0/MIT,MIT,6fac387a98bb7c37292057cffc56d62ecb629900026402633ae9160df93a8766,https://static.crates.io/crates/cexpr/cexpr-0.6.0.crate,https://github.com/jethrogb/rust-cexpr,cexpr-0.6.0/LICENSE-APACHE; cexpr-0.6.0/LICENSE-MIT
cfg-if,1.0.5,MIT OR Apache-2.0,MIT,4e7648175b45a9a48536d676f68d918270699102aa8dab5496df06904c914600,https://static.crates.io/crates/cfg-if/cfg-if-1.0.5.crate,https://github.com/rust-lang/cfg-if,cfg-if-1.0.5/LICENSE-APACHE; cfg-if-1.0.5/LICENSE-MIT
cfg_aliases,0.2.2,MIT,MIT,f079e83a288787bcd14a6aea84cee5c87a67c5a3e660c30f557a3d24761b3527,https://static.crates.io/crates/cfg_aliases/cfg_aliases-0.2.2.crate,https://github.com/katharostech/cfg_aliases,cfg_aliases-0.2.2/LICENSE; cfg_aliases-0.2.2/NOTICES.md
chrono,0.4.45,MIT OR Apache-2.0,MIT,1aa79e62e7697b8e29b513a68abacf485adcd1fe8284a4316c5ae868e6633327,https://static.crates.io/crates/chrono/chrono-0.4.45.crate,https://github.com/chronotope/chrono,chrono-0.4.45/LICENSE.txt
chrono-tz,0.10.4,MIT OR Apache-2.0,MIT,a6139a8597ed92cf816dfb33f5dd6cf0bb93a6adc938f11039f371bc5bcd26c3,https://static.crates.io/crates/chrono-tz/chrono-tz-0.10.4.crate,https://github.com/chronotope/chrono-tz,chrono-tz-0.10.4/LICENSE; chrono-tz-0.10.4/tz/LICENSE
clang-sys,1.9.1,Apache-2.0,Apache-2.0,157a8ba7b480713b56f4c09fd13fc3e0a22a5dfab8097ba61cbc5feef950788a,https://static.crates.io/crates/clang-sys/clang-sys-1.9.1.crate,https://github.com/KyleMayes/clang-sys,clang-sys-1.9.1/LICENSE.txt
cmake,0.1.58,MIT OR Apache-2.0,MIT,c0f78a02292a74a88ac736019ab962ece0bc380e3f977bf72e376c5d78ff0678,https://static.crates.io/crates/cmake/cmake-0.1.58.crate,https://github.com/rust-lang/cmake-rs,cmake-0.1.58/LICENSE-APACHE; cmake-0.1.58/LICENSE-MIT
compile-fmt,0.1.0,MIT OR Apache-2.0,MIT,bed69047ed42e52c7e38d6421eeb8ceefb4f2a2b52eed59137f7bad7908f6800,https://static.crates.io/crates/compile-fmt/compile-fmt-0.1.0.crate,https://github.com/slowli/compile-fmt,compile-fmt-0.1.0/LICENSE-APACHE; compile-fmt-0.1.0/LICENSE-MIT
const_format,0.2.36,Zlib,Zlib,4481a617ad9a412be3b97c5d403fef8ed023103368908b9c50af598ff467cc1e,https://static.crates.io/crates/const_format/const_format-0.2.36.crate,https://github.com/rodrimati1992/const_format_crates/,const_format-0.2.36/LICENSE-ZLIB.md
const_format_proc_macros,0.2.34,Zlib,Zlib,1d57c2eccfb16dbac1f4e61e206105db5820c9d26c3c472bc17c774259ef7744,https://static.crates.io/crates/const_format_proc_macros/const_format_proc_macros-0.2.34.crate,https://github.com/rodrimati1992/const_format_crates/,const_format_proc_macros-0.2.34/LICENSE-ZLIB.md
core-foundation-sys,0.8.7,MIT OR Apache-2.0,MIT,773648b94d0e5d620f64f280777445740e61fe701025087ec8b57f45c791888b,https://static.crates.io/crates/core-foundation-sys/core-foundation-sys-0.8.7.crate,https://github.com/servo/core-foundation-rs,core-foundation-sys-0.8.7/LICENSE-APACHE; core-foundation-sys-0.8.7/LICENSE-MIT
critical-section,1.2.0,MIT OR Apache-2.0,MIT,790eea4361631c5e7d22598ecd5723ff611904e3344ce8720784c93e3d83d40b,https://static.crates.io/crates/critical-section/critical-section-1.2.0.crate,https://github.com/rust-embedded/critical-section,critical-section-1.2.0/LICENSE-APACHE; critical-section-1.2.0/LICENSE-MIT
crossbeam-deque,0.8.8,MIT OR Apache-2.0,MIT,622f3fc73690be383c7214310406f28a90e6edeadc3cea882f9d71e495b9711a,https://static.crates.io/crates/crossbeam-deque/crossbeam-deque-0.8.8.crate,https://github.com/crossbeam-rs/crossbeam,crossbeam-deque-0.8.8/LICENSE-APACHE; crossbeam-deque-0.8.8/LICENSE-MIT
crossbeam-epoch,0.9.21,MIT OR Apache-2.0,MIT,dc74980687109a3b14c72fd458107bf0baa1da1a1a805e178d15501ba9b86d9d,https://static.crates.io/crates/crossbeam-epoch/crossbeam-epoch-0.9.21.crate,https://github.com/crossbeam-rs/crossbeam,crossbeam-epoch-0.9.21/LICENSE-APACHE; crossbeam-epoch-0.9.21/LICENSE-MIT
crossbeam-utils,0.8.23,MIT OR Apache-2.0,MIT,a31eee39dddec8330830986fcd7625edb5a24ec90ea038215273bbc3adb08ac6,https://static.crates.io/crates/crossbeam-utils/crossbeam-utils-0.8.23.crate,https://github.com/crossbeam-rs/crossbeam,crossbeam-utils-0.8.23/LICENSE-APACHE; crossbeam-utils-0.8.23/LICENSE-MIT
cvt,0.1.2,Apache-2.0,Apache-2.0,d2ae9bf77fbf2d39ef573205d554d87e86c12f1994e9ea335b0651b9b278bcf1,https://static.crates.io/crates/cvt/cvt-0.1.2.crate,https://github.com/marmistrz/cvt,cvt-0.1.2/LICENSE
darling,0.21.3,MIT,MIT,9cdf337090841a411e2a7f3deb9187445851f91b309c0c0a29e05f74a00a48c0,https://static.crates.io/crates/darling/darling-0.21.3.crate,https://github.com/TedDriggs/darling,darling-0.21.3/LICENSE
darling_core,0.21.3,MIT,MIT,1247195ecd7e3c85f83c8d2a366e4210d588e802133e1e355180a9870b517ea4,https://static.crates.io/crates/darling_core/darling_core-0.21.3.crate,https://github.com/TedDriggs/darling,darling_core-0.21.3/LICENSE
darling_macro,0.21.3,MIT,MIT,d38308df82d1080de0afee5d069fa14b0326a88c14f15c5ccda35b4a6c414c81,https://static.crates.io/crates/darling_macro/darling_macro-0.21.3.crate,https://github.com/TedDriggs/darling,darling_macro-0.21.3/LICENSE
defmt,1.1.1,MIT OR Apache-2.0,MIT,e2953bfe4f93bbd20cc71198842756f77d161884c99ebbabc41d80231ded88d1,https://static.crates.io/crates/defmt/defmt-1.1.1.crate,https://github.com/knurling-rs/defmt,defmt-1.1.1/LICENSE-APACHE; defmt-1.1.1/LICENSE-MIT
defmt-macros,1.1.1,MIT OR Apache-2.0,MIT,bad9c72e7ca2137e0dc3813245a0d282fd6daad32fd800af018306a9169b5fe8,https://static.crates.io/crates/defmt-macros/defmt-macros-1.1.1.crate,https://github.com/knurling-rs/defmt,defmt-macros-1.1.1/LICENSE-APACHE; defmt-macros-1.1.1/LICENSE-MIT
defmt-parser,1.0.0,MIT OR Apache-2.0,MIT,10d60334b3b2e7c9d91ef8150abfb6fa4c1c39ebbcf4a81c2e346aad939fee3e,https://static.crates.io/crates/defmt-parser/defmt-parser-1.0.0.crate,https://github.com/knurling-rs/defmt,
either,1.18.0,MIT OR Apache-2.0,MIT,252afb9ae5eaa683babdc6a068b3f5726eb19e05070c731f9b2a23a7c3e8ed34,https://static.crates.io/crates/either/either-1.18.0.crate,https://github.com/rayon-rs/either,either-1.18.0/LICENSE-APACHE; either-1.18.0/LICENSE-MIT
embassy-futures,0.1.2,MIT OR Apache-2.0,MIT,dc2d050bdc5c21e0862a89256ed8029ae6c290a93aecefc73084b3002cdebb01,https://static.crates.io/crates/embassy-futures/embassy-futures-0.1.2.crate,https://github.com/embassy-rs/embassy,
embassy-sync,0.8.0,MIT OR Apache-2.0,MIT,7bbd85cf5a5ae56bdf26f618364af642d1d0a4e245cdd75cd9aabda382f65a81,https://static.crates.io/crates/embassy-sync/embassy-sync-0.8.0.crate,https://github.com/embassy-rs/embassy,
embedded-can,0.4.1,MIT OR Apache-2.0,MIT,e9d2e857f87ac832df68fa498d18ddc679175cf3d2e4aa893988e5601baf9438,https://static.crates.io/crates/embedded-can/embedded-can-0.4.1.crate,https://github.com/rust-embedded/embedded-hal,embedded-can-0.4.1/LICENSE-APACHE; embedded-can-0.4.1/LICENSE-MIT
embedded-graphics,0.8.2,MIT OR Apache-2.0,MIT,4e8da660bb0c829b34a56a965490597f82a55e767b91f9543be80ce8ccb416fe,https://static.crates.io/crates/embedded-graphics/embedded-graphics-0.8.2.crate,https://github.com/embedded-graphics/embedded-graphics,embedded-graphics-0.8.2/LICENSE-APACHE; embedded-graphics-0.8.2/LICENSE-MIT
embedded-graphics-core,0.4.1,MIT OR Apache-2.0,MIT,95743bef3ff70fcba3930246c4e6872882bbea0dcc6da2ca860112e0cd4bd09f,https://static.crates.io/crates/embedded-graphics-core/embedded-graphics-core-0.4.1.crate,https://github.com/embedded-graphics/embedded-graphics,
embedded-hal,0.2.7,MIT OR Apache-2.0,MIT,35949884794ad573cf46071e41c9b60efb0cb311e3ca01f7af807af1debc66ff,https://static.crates.io/crates/embedded-hal/embedded-hal-0.2.7.crate,https://github.com/rust-embedded/embedded-hal,embedded-hal-0.2.7/LICENSE-APACHE; embedded-hal-0.2.7/LICENSE-MIT
embedded-hal,1.0.0,MIT OR Apache-2.0,MIT,361a90feb7004eca4019fb28352a9465666b24f840f5c3cddf0ff13920590b89,https://static.crates.io/crates/embedded-hal/embedded-hal-1.0.0.crate,https://github.com/rust-embedded/embedded-hal,embedded-hal-1.0.0/LICENSE-APACHE; embedded-hal-1.0.0/LICENSE-MIT
embedded-hal-async,1.0.0,MIT OR Apache-2.0,MIT,0c4c685bbef7fe13c3c6dd4da26841ed3980ef33e841cddfa15ce8a8fb3f1884,https://static.crates.io/crates/embedded-hal-async/embedded-hal-async-1.0.0.crate,https://github.com/rust-embedded/embedded-hal,embedded-hal-async-1.0.0/LICENSE-APACHE; embedded-hal-async-1.0.0/LICENSE-MIT
embedded-hal-nb,1.0.0,MIT OR Apache-2.0,MIT,fba4268c14288c828995299e59b12babdbe170f6c6d73731af1b4648142e8605,https://static.crates.io/crates/embedded-hal-nb/embedded-hal-nb-1.0.0.crate,https://github.com/rust-embedded/embedded-hal,embedded-hal-nb-1.0.0/LICENSE-APACHE; embedded-hal-nb-1.0.0/LICENSE-MIT
embedded-io,0.7.1,MIT OR Apache-2.0,MIT,9eb1aa714776b75c7e67e1da744b81a129b3ff919c8712b5e1b32252c1f07cc7,https://static.crates.io/crates/embedded-io/embedded-io-0.7.1.crate,https://github.com/rust-embedded/embedded-hal,embedded-io-0.7.1/LICENSE-APACHE; embedded-io-0.7.1/LICENSE-MIT
embedded-io-async,0.7.0,MIT OR Apache-2.0,MIT,2564b9f813c544241430e147d8bc454815ef9ac998878d30cc3055449f7fd4c0,https://static.crates.io/crates/embedded-io-async/embedded-io-async-0.7.0.crate,https://github.com/rust-embedded/embedded-hal,embedded-io-async-0.7.0/LICENSE-APACHE; embedded-io-async-0.7.0/LICENSE-MIT
embedded-svc,0.29.0,MIT OR Apache-2.0,MIT,8bfc6d05bac4af70b0795d1f1b6ddd44aa85ad04b05d34d64b1b9fce36de107e,https://static.crates.io/crates/embedded-svc/embedded-svc-0.29.0.crate,https://github.com/esp-rs/embedded-svc,embedded-svc-0.29.0/LICENSE-APACHE; embedded-svc-0.29.0/LICENSE-MIT
embuild,0.33.5,MIT OR Apache-2.0,MIT,2c41359cdde377dfd2e8aa34c09f9798a3ff9b6e4a9de81167c32d6b289521ed,https://static.crates.io/crates/embuild/embuild-0.33.5.crate,https://github.com/esp-rs/embuild,embuild-0.33.5/LICENSE-APACHE; embuild-0.33.5/LICENSE-MIT
enumset,1.1.14,MIT/Apache-2.0,MIT,ccc5801fd11762e24d1e420d01d2ac518f2a2ca4329d4fbb6639f2412b6204e0,https://static.crates.io/crates/enumset/enumset-1.1.14.crate,https://github.com/Lymia/enumset,enumset-1.1.14/LICENSE-APACHE; enumset-1.1.14/LICENSE-MIT
enumset_derive,0.15.0,MIT/Apache-2.0,MIT,4bd536557b58c682b217b8fb199afdff47cd3eff260623f19e77074eb073d63a,https://static.crates.io/crates/enumset_derive/enumset_derive-0.15.0.crate,https://github.com/Lymia/enumset,enumset_derive-0.15.0/LICENSE-APACHE; enumset_derive-0.15.0/LICENSE-MIT
envy,0.4.2,MIT,MIT,3f47e0157f2cb54f5ae1bd371b30a2ae4311e1c028f575cd4e81de7353215965,https://static.crates.io/crates/envy/envy-0.4.2.crate,https://github.com/softprops/envy,envy-0.4.2/LICENSE
equivalent,1.0.2,Apache-2.0 OR MIT,MIT,877a4ace8713b0bcf2a4e7eec82529c029f1d0619886d18145fea96c3ffe5c0f,https://static.crates.io/crates/equivalent/equivalent-1.0.2.crate,https://github.com/indexmap-rs/equivalent,equivalent-1.0.2/LICENSE-APACHE; equivalent-1.0.2/LICENSE-MIT
errno,0.3.14,MIT OR Apache-2.0,MIT,39cab71617ae0d63f51a36d69f866391735b51691dbda63cf6f96d042b63efeb,https://static.crates.io/crates/errno/errno-0.3.14.crate,https://github.com/lambda-fairy/rust-errno,errno-0.3.14/LICENSE-APACHE; errno-0.3.14/LICENSE-MIT
esp-idf-hal,0.47.0,MIT OR Apache-2.0,MIT,52353908ed84c0290500557d7097ebf95985a6a9c98ea89cfb1ff9606ff7608f,https://static.crates.io/crates/esp-idf-hal/esp-idf-hal-0.47.0.crate,https://github.com/esp-rs/esp-idf-hal,esp-idf-hal-0.47.0/LICENSE-APACHE; esp-idf-hal-0.47.0/LICENSE-MIT
esp-idf-svc,0.53.0,MIT OR Apache-2.0,MIT,80528df10e8ee316043f0a53bcbec3126a217168813afdcae11078a5f34e60c9,https://static.crates.io/crates/esp-idf-svc/esp-idf-svc-0.53.0.crate,https://github.com/esp-rs/esp-idf-svc,esp-idf-svc-0.53.0/LICENSE-APACHE; esp-idf-svc-0.53.0/LICENSE-MIT
esp-idf-sys,0.38.1,MIT OR Apache-2.0,MIT,77deab475cab0b375e20c7450b0d265f928480af712214c84e848df0f57c29f4,https://static.crates.io/crates/esp-idf-sys/esp-idf-sys-0.38.1.crate,https://github.com/esp-rs/esp-idf-sys,esp-idf-sys-0.38.1/LICENSE-APACHE; esp-idf-sys-0.38.1/LICENSE-MIT
fastrand,2.5.0,Apache-2.0 OR MIT,MIT,da7c62ceae207dd37ea5b845da6a0696c799f85e97da1ab5b7910be3c1c80223,https://static.crates.io/crates/fastrand/fastrand-2.5.0.crate,https://github.com/smol-rs/fastrand,fastrand-2.5.0/LICENSE-APACHE; fastrand-2.5.0/LICENSE-MIT
filetime,0.2.29,MIT/Apache-2.0,MIT,5c287a33c7f0a620c38e641e7f60827713987b3c0f26e8ddc9462cc69cf75759,https://static.crates.io/crates/filetime/filetime-0.2.29.crate,https://github.com/alexcrichton/filetime,filetime-0.2.29/LICENSE-APACHE; filetime-0.2.29/LICENSE-MIT
find-msvc-tools,0.1.14,MIT OR Apache-2.0,MIT,aedcfb3409746eddb02b9e19ebda1c3394f759a152e48ee875a0844d1b955484,https://static.crates.io/crates/find-msvc-tools/find-msvc-tools-0.1.14.crate,https://github.com/rust-lang/cc-rs,find-msvc-tools-0.1.14/LICENSE-APACHE; find-msvc-tools-0.1.14/LICENSE-MIT
float-cmp,0.9.0,MIT,MIT,98de4bbd547a563b716d8dfa9aad1cb19bfab00f4fa09a6a4ed21dbcf44ce9c4,https://static.crates.io/crates/float-cmp/float-cmp-0.9.0.crate,https://github.com/mikedilger/float-cmp,float-cmp-0.9.0/LICENSE
fnv,1.0.7,Apache-2.0 / MIT,MIT,3f9eec918d3f24069decb9af1554cad7c880e2da24a9afd88aca000531ab82c1,https://static.crates.io/crates/fnv/fnv-1.0.7.crate,https://github.com/servo/rust-fnv,fnv-1.0.7/LICENSE-APACHE; fnv-1.0.7/LICENSE-MIT
fs_at,0.2.1,Apache-2.0,Apache-2.0,14af6c9694ea25db25baa2a1788703b9e7c6648dcaeeebeb98f7561b5384c036,https://static.crates.io/crates/fs_at/fs_at-0.2.1.crate,https://github.com/rbtcollins/fs_at.git,
futures-core,0.3.34,MIT OR Apache-2.0,MIT,92d699e522242e69e3003b94ecc1f960f3a5e015aa7c5d7486e65ad01dd94f5e,https://static.crates.io/crates/futures-core/futures-core-0.3.34.crate,https://github.com/rust-lang/futures-rs,futures-core-0.3.34/LICENSE-APACHE; futures-core-0.3.34/LICENSE-MIT
futures-io,0.3.34,MIT OR Apache-2.0,MIT,53c0fa8157de1303bfffdaa1cc2a673bfffb60102f76b0ef4441659124373fed,https://static.crates.io/crates/futures-io/futures-io-0.3.34.crate,https://github.com/rust-lang/futures-rs,futures-io-0.3.34/LICENSE-APACHE; futures-io-0.3.34/LICENSE-MIT
futures-sink,0.3.34,MIT OR Apache-2.0,MIT,1944426bf7d03f1d14f708785e4b33efd750b36d48a157b836b3efc15ede8e1d,https://static.crates.io/crates/futures-sink/futures-sink-0.3.34.crate,https://github.com/rust-lang/futures-rs,futures-sink-0.3.34/LICENSE-APACHE; futures-sink-0.3.34/LICENSE-MIT
futures-task,0.3.34,MIT OR Apache-2.0,MIT,cd417de3d1d015fc3bfd2b1ea46dfc7bab72ef86f1cc7cc9c78e728b34a6d1fd,https://static.crates.io/crates/futures-task/futures-task-0.3.34.crate,https://github.com/rust-lang/futures-rs,futures-task-0.3.34/LICENSE-APACHE; futures-task-0.3.34/LICENSE-MIT
futures-util,0.3.34,MIT OR Apache-2.0,MIT,0d50a92467f8ba5dd6e3ee5d4bd04d73ab2e4e1c44474a0674821dfce14b79bc,https://static.crates.io/crates/futures-util/futures-util-0.3.34.crate,https://github.com/rust-lang/futures-rs,futures-util-0.3.34/LICENSE-APACHE; futures-util-0.3.34/LICENSE-MIT
getrandom,0.4.3,MIT OR Apache-2.0,MIT,300e883d756b2e4ec94e02791f39b04b522276138852cfc41d9fb7e904106099,https://static.crates.io/crates/getrandom/getrandom-0.4.3.crate,https://github.com/rust-random/getrandom,getrandom-0.4.3/LICENSE-APACHE; getrandom-0.4.3/LICENSE-MIT
glob,0.3.4,MIT OR Apache-2.0,MIT,e4eba85ea1d0a966a983acd07deee566e67395d2d96b6fb39e62b5a833f1eb0b,https://static.crates.io/crates/glob/glob-0.3.4.crate,https://github.com/rust-lang/glob,glob-0.3.4/LICENSE-APACHE; glob-0.3.4/LICENSE-MIT
globset,0.4.20,Unlicense OR MIT,MIT,07c34a9410465b45bd9787443bc7370f37735bad04b0f0cd57ff1a3186c98988,https://static.crates.io/crates/globset/globset-0.4.20.crate,https://github.com/BurntSushi/ripgrep/tree/master/crates/globset,globset-0.4.20/COPYING; globset-0.4.20/LICENSE-MIT; globset-0.4.20/UNLICENSE
globwalk,0.8.1,MIT,MIT,93e3af942408868f6934a7b85134a3230832b9977cf66125df2f9edcfce4ddcc,https://static.crates.io/crates/globwalk/globwalk-0.8.1.crate,https://github.com/gilnaa/globwalk,globwalk-0.8.1/LICENSE
hash32,0.3.1,MIT OR Apache-2.0,MIT,47d60b12902ba28e2730cd37e95b8c9223af2808df9e902d4df49588d1470606,https://static.crates.io/crates/hash32/hash32-0.3.1.crate,https://github.com/japaric/hash32,hash32-0.3.1/LICENSE-APACHE; hash32-0.3.1/LICENSE-MIT
hashbrown,0.17.1,MIT OR Apache-2.0,MIT,ed5909b6e89a2db4456e54cd5f673791d7eca6732202bbf2a9cc504fe2f9b84a,https://static.crates.io/crates/hashbrown/hashbrown-0.17.1.crate,https://github.com/rust-lang/hashbrown,hashbrown-0.17.1/LICENSE-APACHE; hashbrown-0.17.1/LICENSE-MIT
heapless,0.8.0,MIT OR Apache-2.0,MIT,0bfb9eb618601c89945a70e254898da93b13be0388091d42117462b265bb3fad,https://static.crates.io/crates/heapless/heapless-0.8.0.crate,https://github.com/rust-embedded/heapless,heapless-0.8.0/LICENSE-APACHE; heapless-0.8.0/LICENSE-MIT
heapless,0.9.3,MIT OR Apache-2.0,MIT,25ba4bd83f9415b58b4ed8dc5714c76e626a105be4646c02630ad730ad3b5aa4,https://static.crates.io/crates/heapless/heapless-0.9.3.crate,https://github.com/rust-embedded/heapless,heapless-0.9.3/LICENSE-APACHE; heapless-0.9.3/LICENSE-MIT
heck,0.4.1,MIT OR Apache-2.0,MIT,95505c38b4572b2d910cecb0281560f54b440a19336cbbcb27bf6ce6adc6f5a8,https://static.crates.io/crates/heck/heck-0.4.1.crate,https://github.com/withoutboats/heck,heck-0.4.1/LICENSE-APACHE; heck-0.4.1/LICENSE-MIT
heck,0.5.0,MIT OR Apache-2.0,MIT,2304e00983f87ffb38b55b444b5e3b60a884b5d30c0fca7d82fe33449bbe55ea,https://static.crates.io/crates/heck/heck-0.5.0.crate,https://github.com/withoutboats/heck,heck-0.5.0/LICENSE-APACHE; heck-0.5.0/LICENSE-MIT
home,0.5.12,MIT OR Apache-2.0,MIT,cc627f471c528ff0c4a49e1d5e60450c8f6461dd6d10ba9dcd3a61d3dff7728d,https://static.crates.io/crates/home/home-0.5.12.crate,https://github.com/rust-lang/cargo,home-0.5.12/LICENSE-APACHE; home-0.5.12/LICENSE-MIT
iana-time-zone,0.1.65,MIT OR Apache-2.0,MIT,e31bc9ad994ba00e440a8aa5c9ef0ec67d5cb5e5cb0cc7f8b744a35b389cc470,https://static.crates.io/crates/iana-time-zone/iana-time-zone-0.1.65.crate,https://github.com/strawlab/iana-time-zone,iana-time-zone-0.1.65/LICENSE-APACHE; iana-time-zone-0.1.65/LICENSE-MIT
iana-time-zone-haiku,0.1.2,MIT OR Apache-2.0,MIT,f31827a206f56af32e590ba56d5d2d085f558508192593743f16b2306495269f,https://static.crates.io/crates/iana-time-zone-haiku/iana-time-zone-haiku-0.1.2.crate,https://github.com/strawlab/iana-time-zone,iana-time-zone-haiku-0.1.2/LICENSE-APACHE; iana-time-zone-haiku-0.1.2/LICENSE-MIT
ident_case,1.0.1,MIT/Apache-2.0,MIT,b9e0384b61958566e926dc50660321d12159025e767c18e043daf26b70104c39,https://static.crates.io/crates/ident_case/ident_case-1.0.1.crate,https://github.com/TedDriggs/ident_case,ident_case-1.0.1/LICENSE
ignore,0.4.33,Unlicense OR MIT,MIT,00b69833ed729dc5aa7d19541d96d6cf8e9137194207a04916d658e43168402f,https://static.crates.io/crates/ignore/ignore-0.4.33.crate,https://github.com/BurntSushi/ripgrep/tree/master/crates/ignore,ignore-0.4.33/COPYING; ignore-0.4.33/LICENSE-MIT; ignore-0.4.33/UNLICENSE
indexmap,2.14.2,Apache-2.0 OR MIT,MIT,cc4e190f5d26ca7051642629da2c52fc03bde85a03197c99408dcd291734c855,https://static.crates.io/crates/indexmap/indexmap-2.14.2.crate,https://github.com/indexmap-rs/indexmap,indexmap-2.14.2/LICENSE-APACHE; indexmap-2.14.2/LICENSE-MIT
itertools,0.13.0,MIT OR Apache-2.0,MIT,413ee7dfc52ee1a4949ceeb7dbc8a33f2d6c088194d9f922fb8318faf1f01186,https://static.crates.io/crates/itertools/itertools-0.13.0.crate,https://github.com/rust-itertools/itertools,itertools-0.13.0/LICENSE-APACHE; itertools-0.13.0/LICENSE-MIT
itoa,1.0.18,MIT OR Apache-2.0,MIT,8f42a60cbdf9a97f5d2305f08a87dc4e09308d1276d28c869c684d7777685682,https://static.crates.io/crates/itoa/itoa-1.0.18.crate,https://github.com/dtolnay/itoa,itoa-1.0.18/LICENSE-APACHE; itoa-1.0.18/LICENSE-MIT
js-sys,0.3.106,MIT OR Apache-2.0,MIT,7883d941dae510fb2d978fc3fe018c71c9e2892fd38854de3e8b92c2e5ad9cc5,https://static.crates.io/crates/js-sys/js-sys-0.3.106.crate,https://github.com/wasm-bindgen/wasm-bindgen/tree/master/crates/js-sys,js-sys-0.3.106/LICENSE-APACHE; js-sys-0.3.106/LICENSE-MIT
konst,0.2.20,Zlib,Zlib,128133ed7824fcd73d6e7b17957c5eb7bacb885649bd8c69708b2331a10bcefb,https://static.crates.io/crates/konst/konst-0.2.20.crate,https://github.com/rodrimati1992/konst/,konst-0.2.20/LICENSE-ZLIB.md
konst_macro_rules,0.2.19,Zlib,Zlib,a4933f3f57a8e9d9da04db23fb153356ecaf00cbd14aee46279c33dc80925c37,https://static.crates.io/crates/konst_macro_rules/konst_macro_rules-0.2.19.crate,https://github.com/rodrimati1992/konst/,konst_macro_rules-0.2.19/LICENSE-ZLIB.md
libc,0.2.189,MIT OR Apache-2.0,MIT,3eaf3ede3fee6db1a4c2ee091bf8a8b4dccdc6d17f656fb07896ee72867612f2,https://static.crates.io/crates/libc/libc-0.2.189.crate,https://github.com/rust-lang/libc,libc-0.2.189/LICENSE-APACHE; libc-0.2.189/LICENSE-MIT
libloading,0.8.9,ISC,ISC,d7c4b02199fee7c5d21a5ae7d8cfa79a6ef5bb2fc834d6e9058e89c825efdc55,https://static.crates.io/crates/libloading/libloading-0.8.9.crate,https://github.com/nagisa/rust_libloading/,libloading-0.8.9/LICENSE
linux-raw-sys,0.12.1,Apache-2.0 WITH LLVM-exception OR Apache-2.0 OR MIT,MIT,32a66949e030da00e8c7d4434b251670a91556f4144941d37452769c25d58a53,https://static.crates.io/crates/linux-raw-sys/linux-raw-sys-0.12.1.crate,https://github.com/sunfishcode/linux-raw-sys,linux-raw-sys-0.12.1/COPYRIGHT; linux-raw-sys-0.12.1/LICENSE-APACHE; linux-raw-sys-0.12.1/LICENSE-Apache-2.0_WITH_LLVM-exception; linux-raw-sys-0.12.1/LICENSE-MIT
linux-raw-sys,0.4.15,Apache-2.0 WITH LLVM-exception OR Apache-2.0 OR MIT,MIT,d26c52dbd32dccf2d10cac7725f8eae5296885fb5703b261f7d0a0739ec807ab,https://static.crates.io/crates/linux-raw-sys/linux-raw-sys-0.4.15.crate,https://github.com/sunfishcode/linux-raw-sys,linux-raw-sys-0.4.15/COPYRIGHT; linux-raw-sys-0.4.15/LICENSE-APACHE; linux-raw-sys-0.4.15/LICENSE-Apache-2.0_WITH_LLVM-exception; linux-raw-sys-0.4.15/LICENSE-MIT
log,0.4.34,MIT OR Apache-2.0,MIT,f9f8bd3e56ce4dfc153cf470fffbfa98c7620958b312ca5c3a4b8d5181fd13c6,https://static.crates.io/crates/log/log-0.4.34.crate,https://github.com/rust-lang/log,log-0.4.34/LICENSE-APACHE; log-0.4.34/LICENSE-MIT
memchr,2.8.3,Unlicense OR MIT,MIT,cf8baf1c55e62ffcace7a9f06f4bd9cd3f0c4beb022d3b367256b91b87513d98,https://static.crates.io/crates/memchr/memchr-2.8.3.crate,https://github.com/BurntSushi/memchr,memchr-2.8.3/COPYING; memchr-2.8.3/LICENSE-MIT; memchr-2.8.3/UNLICENSE
micromath,2.1.0,Apache-2.0 OR MIT,MIT,c3c8dda44ff03a2f238717214da50f65d5a53b45cd213a7370424ffdb6fae815,https://static.crates.io/crates/micromath/micromath-2.1.0.crate,https://github.com/tarcieri/micromath,micromath-2.1.0/LICENSE-APACHE; micromath-2.1.0/LICENSE-MIT
minimal-lexical,0.2.1,MIT/Apache-2.0,MIT,68354c5c6bd36d73ff3feceb05efa59b6acb7626617f4962be322a825e61f79a,https://static.crates.io/crates/minimal-lexical/minimal-lexical-0.2.1.crate,https://github.com/Alexhuszagh/minimal-lexical,minimal-lexical-0.2.1/LICENSE-APACHE; minimal-lexical-0.2.1/LICENSE-MIT; minimal-lexical-0.2.1/LICENSE.md
mipidsi,0.10.0,MIT,MIT,790ebd28bd67addbccf41b1c0c188c26bb9f5bdcd91d4d6da9bd558e20d97a1d,https://static.crates.io/crates/mipidsi/mipidsi-0.10.0.crate,https://github.com/almindor/mipidsi,mipidsi-0.10.0/LICENSE
nb,0.1.3,MIT OR Apache-2.0,MIT,801d31da0513b6ec5214e9bf433a77966320625a37860f910be265be6e18d06f,https://static.crates.io/crates/nb/nb-0.1.3.crate,https://github.com/rust-embedded/nb,nb-0.1.3/LICENSE-APACHE; nb-0.1.3/LICENSE-MIT
nb,1.1.0,MIT OR Apache-2.0,MIT,8d5439c4ad607c3c23abf66de8c8bf57ba8adcd1f129e699851a6e43935d339d,https://static.crates.io/crates/nb/nb-1.1.0.crate,https://github.com/rust-embedded/nb,nb-1.1.0/LICENSE-APACHE; nb-1.1.0/LICENSE-MIT
nix,0.29.0,MIT,MIT,71e2746dc3a24dd78b3cfcb7be93368c6de9963d30f43a6a73998a9cf4b17b46,https://static.crates.io/crates/nix/nix-0.29.0.crate,https://github.com/nix-rust/nix,nix-0.29.0/LICENSE
nom,7.1.3,MIT,MIT,d273983c5a657a70a3e8f2a01329822f3b8c8172b73826411a55751e404a0a4a,https://static.crates.io/crates/nom/nom-7.1.3.crate,https://github.com/Geal/nom,nom-7.1.3/LICENSE
normpath,1.5.2,MIT OR Apache-2.0,MIT,b11ce00d2594068e8a27c9146fdc5cf9f3ac38eb42c7cd34d05fea618873ac9f,https://static.crates.io/crates/normpath/normpath-1.5.2.crate,https://github.com/dylni/normpath,normpath-1.5.2/COPYRIGHT; normpath-1.5.2/LICENSE-APACHE; normpath-1.5.2/LICENSE-MIT; normpath-1.5.2/LICENSE-THIRD-PARTY
num-traits,0.2.19,MIT OR Apache-2.0,MIT,071dfc062690e90b734c0b2273ce72ad0ffa95f0c74596bc250dcfd960262841,https://static.crates.io/crates/num-traits/num-traits-0.2.19.crate,https://github.com/rust-num/num-traits,num-traits-0.2.19/LICENSE-APACHE; num-traits-0.2.19/LICENSE-MIT
num_enum,0.7.6,BSD-3-Clause OR MIT OR Apache-2.0,MIT,5d0bca838442ec211fa11de3a8b0e0e8f3a4522575b5c4c06ed722e005036f26,https://static.crates.io/crates/num_enum/num_enum-0.7.6.crate,https://github.com/illicitonion/num_enum,num_enum-0.7.6/LICENSE-APACHE; num_enum-0.7.6/LICENSE-BSD; num_enum-0.7.6/LICENSE-MIT
num_enum_derive,0.7.6,BSD-3-Clause OR MIT OR Apache-2.0,MIT,680998035259dcfcafe653688bf2aa6d3e2dc05e98be6ab46afb089dc84f1df8,https://static.crates.io/crates/num_enum_derive/num_enum_derive-0.7.6.crate,https://github.com/illicitonion/num_enum,num_enum_derive-0.7.6/LICENSE-APACHE; num_enum_derive-0.7.6/LICENSE-BSD; num_enum_derive-0.7.6/LICENSE-MIT
once_cell,1.21.4,MIT OR Apache-2.0,MIT,9f7c3e4beb33f85d45ae3e3a1792185706c8e16d043238c593331cc7cd313b50,https://static.crates.io/crates/once_cell/once_cell-1.21.4.crate,https://github.com/matklad/once_cell,once_cell-1.21.4/LICENSE-APACHE; once_cell-1.21.4/LICENSE-MIT
phf,0.12.1,MIT,MIT,913273894cec178f401a31ec4b656318d95473527be05c0752cc41cdc32be8b7,https://static.crates.io/crates/phf/phf-0.12.1.crate,https://github.com/rust-phf/rust-phf,phf-0.12.1/LICENSE
phf_shared,0.12.1,MIT,MIT,06005508882fb681fd97892ecff4b7fd0fee13ef1aa569f8695dae7ab9099981,https://static.crates.io/crates/phf_shared/phf_shared-0.12.1.crate,https://github.com/rust-phf/rust-phf,phf_shared-0.12.1/LICENSE
pin-project-lite,0.2.17,Apache-2.0 OR MIT,MIT,a89322df9ebe1c1578d689c92318e070967d1042b512afbe49518723f4e6d5cd,https://static.crates.io/crates/pin-project-lite/pin-project-lite-0.2.17.crate,https://github.com/taiki-e/pin-project-lite,pin-project-lite-0.2.17/LICENSE-APACHE; pin-project-lite-0.2.17/LICENSE-MIT
prettyplease,0.2.37,MIT OR Apache-2.0,MIT,479ca8adacdd7ce8f1fb39ce9ecccbfe93a3f1344b3d0d97f20bc0196208f62b,https://static.crates.io/crates/prettyplease/prettyplease-0.2.37.crate,https://github.com/dtolnay/prettyplease,prettyplease-0.2.37/LICENSE-APACHE; prettyplease-0.2.37/LICENSE-MIT
proc-macro-crate,3.5.0,MIT OR Apache-2.0,MIT,e67ba7e9b2b56446f1d419b1d807906278ffa1a658a8a5d8a39dcb1f5a78614f,https://static.crates.io/crates/proc-macro-crate/proc-macro-crate-3.5.0.crate,https://github.com/bkchr/proc-macro-crate,proc-macro-crate-3.5.0/LICENSE-APACHE; proc-macro-crate-3.5.0/LICENSE-MIT
proc-macro2,1.0.107,MIT OR Apache-2.0,MIT,985e7ec9bb745e6ce6535b544d84d6cd6f7ad8bd711c398938ae983b91a766d9,https://static.crates.io/crates/proc-macro2/proc-macro2-1.0.107.crate,https://github.com/dtolnay/proc-macro2,proc-macro2-1.0.107/LICENSE-APACHE; proc-macro2-1.0.107/LICENSE-MIT
quote,1.0.47,MIT OR Apache-2.0,MIT,1fbf4db142a473a8d80c26bbf18454ed458bf8d26c8219c331daecfdbd079001,https://static.crates.io/crates/quote/quote-1.0.47.crate,https://github.com/dtolnay/quote,quote-1.0.47/LICENSE-APACHE; quote-1.0.47/LICENSE-MIT
r-efi,6.0.0,MIT OR Apache-2.0 OR LGPL-2.1-or-later,MIT,f8dcc9c7d52a811697d2151c701e0d08956f92b0e24136cf4cf27b57a6a0d9bf,https://static.crates.io/crates/r-efi/r-efi-6.0.0.crate,https://github.com/r-efi/r-efi,
regex,1.13.1,MIT OR Apache-2.0,MIT,f020237b6c8eed93db2e2cb53c00c60a8e1bc73da7d073199a1180401450218d,https://static.crates.io/crates/regex/regex-1.13.1.crate,https://github.com/rust-lang/regex,regex-1.13.1/LICENSE-APACHE; regex-1.13.1/LICENSE-MIT
regex-automata,0.4.18,MIT OR Apache-2.0,MIT,ad8553b9b26413251cbf30e620595c7a41b3887f03da04579c0e6b0d6a06b4b2,https://static.crates.io/crates/regex-automata/regex-automata-0.4.18.crate,https://github.com/rust-lang/regex,regex-automata-0.4.18/LICENSE-APACHE; regex-automata-0.4.18/LICENSE-MIT
regex-syntax,0.8.11,MIT OR Apache-2.0,MIT,d6f6ff9a378485b298a5286656da665ba74413d36db0979633275d2e708145d4,https://static.crates.io/crates/regex-syntax/regex-syntax-0.8.11.crate,https://github.com/rust-lang/regex,regex-syntax-0.8.11/LICENSE-APACHE; regex-syntax-0.8.11/LICENSE-MIT; regex-syntax-0.8.11/src/unicode_tables/LICENSE-UNICODE
remove_dir_all,0.8.4,MIT OR Apache-2.0,MIT,a694f9e0eb3104451127f6cc1e5de55f59d3b1fc8c5ddfaeb6f1e716479ceb4a,https://static.crates.io/crates/remove_dir_all/remove_dir_all-0.8.4.crate,https://github.com/XAMPPRocky/remove_dir_all.git,remove_dir_all-0.8.4/LICENCE-APACHE; remove_dir_all-0.8.4/LICENCE-MIT
rustc-hash,2.1.3,Apache-2.0 OR MIT,MIT,6b1e7f9a428571be2dc5bc0505c13fb6bf936822b894ec87abf8a08a4e51742d,https://static.crates.io/crates/rustc-hash/rustc-hash-2.1.3.crate,https://github.com/rust-lang/rustc-hash,rustc-hash-2.1.3/LICENSE-APACHE; rustc-hash-2.1.3/LICENSE-MIT
rustix,0.38.44,Apache-2.0 WITH LLVM-exception OR Apache-2.0 OR MIT,MIT,fdb5bc1ae2baa591800df16c9ca78619bf65c0488b41b96ccec5d11220d8c154,https://static.crates.io/crates/rustix/rustix-0.38.44.crate,https://github.com/bytecodealliance/rustix,rustix-0.38.44/COPYRIGHT; rustix-0.38.44/LICENSE-APACHE; rustix-0.38.44/LICENSE-Apache-2.0_WITH_LLVM-exception; rustix-0.38.44/LICENSE-MIT
rustix,1.1.5,Apache-2.0 WITH LLVM-exception OR Apache-2.0 OR MIT,MIT,891efababe418670775f199f0d233d84843c227a0949a883ce15b37c78d6629d,https://static.crates.io/crates/rustix/rustix-1.1.5.crate,https://github.com/bytecodealliance/rustix,rustix-1.1.5/COPYRIGHT; rustix-1.1.5/LICENSE-APACHE; rustix-1.1.5/LICENSE-Apache-2.0_WITH_LLVM-exception; rustix-1.1.5/LICENSE-MIT
rustversion,1.0.23,MIT OR Apache-2.0,MIT,cf54715a573b99ac80df0bc206da022bcd442c974952c7b9720069370852e21f,https://static.crates.io/crates/rustversion/rustversion-1.0.23.crate,https://github.com/dtolnay/rustversion,rustversion-1.0.23/LICENSE-APACHE; rustversion-1.0.23/LICENSE-MIT
same-file,1.0.6,Unlicense/MIT,MIT,93fc1dc3aaa9bfed95e02e6eadabb4baf7e3078b0bd1b4d7b6b0b68378900502,https://static.crates.io/crates/same-file/same-file-1.0.6.crate,https://github.com/BurntSushi/same-file,same-file-1.0.6/COPYING; same-file-1.0.6/LICENSE-MIT; same-file-1.0.6/UNLICENSE
semver,1.0.28,MIT OR Apache-2.0,MIT,8a7852d02fc848982e0c167ef163aaff9cd91dc640ba85e263cb1ce46fae51cd,https://static.crates.io/crates/semver/semver-1.0.28.crate,https://github.com/dtolnay/semver,semver-1.0.28/LICENSE-APACHE; semver-1.0.28/LICENSE-MIT
serde,1.0.229,MIT OR Apache-2.0,MIT,4148590afebada386688f18773da617792bf2ef03ffc1e4cbd2b1d45b023e0ba,https://static.crates.io/crates/serde/serde-1.0.229.crate,https://github.com/serde-rs/serde,serde-1.0.229/LICENSE-APACHE; serde-1.0.229/LICENSE-MIT
serde_core,1.0.229,MIT OR Apache-2.0,MIT,67dca2c9c51e58a4791a4b1ed58308b39c64224d349a935ab5039aa360942a48,https://static.crates.io/crates/serde_core/serde_core-1.0.229.crate,https://github.com/serde-rs/serde,serde_core-1.0.229/LICENSE-APACHE; serde_core-1.0.229/LICENSE-MIT
serde_derive,1.0.229,MIT OR Apache-2.0,MIT,e7a5d71263a5a7d47b41f6b3f06ba276f10cc18b0931f1799f710578e2309348,https://static.crates.io/crates/serde_derive/serde_derive-1.0.229.crate,https://github.com/serde-rs/serde,serde_derive-1.0.229/LICENSE-APACHE; serde_derive-1.0.229/LICENSE-MIT
serde_json,1.0.151,MIT OR Apache-2.0,MIT,c841b55ecdae098c80dcae9cf767f6f8a0c2cdb3416bbef72181df4d0fe73f14,https://static.crates.io/crates/serde_json/serde_json-1.0.151.crate,https://github.com/serde-rs/json,serde_json-1.0.151/LICENSE-APACHE; serde_json-1.0.151/LICENSE-MIT
serde_spanned,0.6.9,MIT OR Apache-2.0,MIT,bf41e0cfaf7226dca15e8197172c295a782857fcb97fad1808a166870dee75a3,https://static.crates.io/crates/serde_spanned/serde_spanned-0.6.9.crate,https://github.com/toml-rs/toml,serde_spanned-0.6.9/LICENSE-APACHE; serde_spanned-0.6.9/LICENSE-MIT
shlex,1.3.0,MIT OR Apache-2.0,MIT,0fda2ff0d084019ba4d7c6f371c95d8fd75ce3524c3cb8fb653a3023f6323e64,https://static.crates.io/crates/shlex/shlex-1.3.0.crate,https://github.com/comex/rust-shlex,shlex-1.3.0/LICENSE-APACHE; shlex-1.3.0/LICENSE-MIT
shlex,2.0.1,MIT OR Apache-2.0,MIT,f8fadd59c855ef2080decdef8ff161eb6661b86933c9d82e5ba29dc602a55aba,https://static.crates.io/crates/shlex/shlex-2.0.1.crate,https://github.com/comex/rust-shlex,shlex-2.0.1/LICENSE-APACHE; shlex-2.0.1/LICENSE-MIT
siphasher,1.0.4,MIT OR Apache-2.0,MIT,33f4fe9184a62d842c9ef383018f3306d8ba224fd9d836f56d7288308847c256,https://static.crates.io/crates/siphasher/siphasher-1.0.4.crate,https://github.com/jedisct1/rust-siphash,siphasher-1.0.4/COPYING; siphasher-1.0.4/LICENSE-APACHE; siphasher-1.0.4/LICENSE-MIT
slab,0.4.12,MIT,MIT,0c790de23124f9ab44544d7ac05d60440adc586479ce501c1d6d7da3cd8c9cf5,https://static.crates.io/crates/slab/slab-0.4.12.crate,https://github.com/tokio-rs/slab,slab-0.4.12/LICENSE
stable_deref_trait,1.2.1,MIT OR Apache-2.0,MIT,6ce2be8dc25455e1f91df71bfa12ad37d7af1092ae736f3a6cd0e37bc7810596,https://static.crates.io/crates/stable_deref_trait/stable_deref_trait-1.2.1.crate,https://github.com/storyyeller/stable_deref_trait,stable_deref_trait-1.2.1/LICENSE-APACHE; stable_deref_trait-1.2.1/LICENSE-MIT
strum,0.24.1,MIT,MIT,063e6045c0e62079840579a7e47a355ae92f60eb74daaf156fb1e84ba164e63f,https://static.crates.io/crates/strum/strum-0.24.1.crate,https://github.com/Peternator7/strum,strum-0.24.1/LICENSE
strum,0.27.2,MIT,MIT,af23d6f6c1a224baef9d3f61e287d2761385a5b88fdab4eb4c6f11aeb54c4bcf,https://static.crates.io/crates/strum/strum-0.27.2.crate,https://github.com/Peternator7/strum,strum-0.27.2/LICENSE
strum_macros,0.24.3,MIT,MIT,1e385be0d24f186b4ce2f9982191e7101bb737312ad61c1f2f984f34bcf85d59,https://static.crates.io/crates/strum_macros/strum_macros-0.24.3.crate,https://github.com/Peternator7/strum,strum_macros-0.24.3/LICENSE
strum_macros,0.27.2,MIT,MIT,7695ce3845ea4b33927c055a39dc438a45b059f7c1b3d91d38d10355fb8cbca7,https://static.crates.io/crates/strum_macros/strum_macros-0.27.2.crate,https://github.com/Peternator7/strum,strum_macros-0.27.2/LICENSE
syn,1.0.109,MIT OR Apache-2.0,MIT,72b64191b275b66ffe2469e8af2c1cfe3bafa67b529ead792a6d0160888b4237,https://static.crates.io/crates/syn/syn-1.0.109.crate,https://github.com/dtolnay/syn,syn-1.0.109/LICENSE-APACHE; syn-1.0.109/LICENSE-MIT
syn,2.0.119,MIT OR Apache-2.0,MIT,872831b642d1a07999a962a351ed35b955ea2cfc8f3862091e2a240a84f17297,https://static.crates.io/crates/syn/syn-2.0.119.crate,https://github.com/dtolnay/syn,syn-2.0.119/LICENSE-APACHE; syn-2.0.119/LICENSE-MIT
syn,3.0.6,MIT OR Apache-2.0,MIT,8593e8e72159ed2257d083c7a454a85cbf854f37a0966d8d483aff8c8a3ebcee,https://static.crates.io/crates/syn/syn-3.0.6.crate,https://github.com/dtolnay/syn,syn-3.0.6/LICENSE-APACHE; syn-3.0.6/LICENSE-MIT
tempfile,3.27.0,MIT OR Apache-2.0,MIT,32497e9a4c7b38532efcdebeef879707aa9f794296a4f0244f6f69e9bc8574bd,https://static.crates.io/crates/tempfile/tempfile-3.27.0.crate,https://github.com/Stebalien/tempfile,tempfile-3.27.0/LICENSE-APACHE; tempfile-3.27.0/LICENSE-MIT
thiserror,1.0.69,MIT OR Apache-2.0,MIT,b6aaf5339b578ea85b50e080feb250a3e8ae8cfcdff9a461c9ec2904bc923f52,https://static.crates.io/crates/thiserror/thiserror-1.0.69.crate,https://github.com/dtolnay/thiserror,thiserror-1.0.69/LICENSE-APACHE; thiserror-1.0.69/LICENSE-MIT
thiserror,2.0.21,MIT OR Apache-2.0,MIT,09e52cb86a36cede5cb101bf8908837b3e4c6e5e59fe7fd85c23fb56200d189e,https://static.crates.io/crates/thiserror/thiserror-2.0.21.crate,https://github.com/dtolnay/thiserror,thiserror-2.0.21/LICENSE-APACHE; thiserror-2.0.21/LICENSE-MIT
thiserror-impl,1.0.69,MIT OR Apache-2.0,MIT,4fee6c4efc90059e10f81e6d42c60a18f76588c3d74cb83a0b242a2b6c7504c1,https://static.crates.io/crates/thiserror-impl/thiserror-impl-1.0.69.crate,https://github.com/dtolnay/thiserror,thiserror-impl-1.0.69/LICENSE-APACHE; thiserror-impl-1.0.69/LICENSE-MIT
thiserror-impl,2.0.21,MIT OR Apache-2.0,MIT,fe5197923287db20a58125f0bc85c062f7f2c892de97b18c356f9efb14b28524,https://static.crates.io/crates/thiserror-impl/thiserror-impl-2.0.21.crate,https://github.com/dtolnay/thiserror,thiserror-impl-2.0.21/LICENSE-APACHE; thiserror-impl-2.0.21/LICENSE-MIT
toml,0.8.23,MIT OR Apache-2.0,MIT,dc1beb996b9d83529a9e75c17a1686767d148d70663143c7854d8b4a09ced362,https://static.crates.io/crates/toml/toml-0.8.23.crate,https://github.com/toml-rs/toml,toml-0.8.23/LICENSE-APACHE; toml-0.8.23/LICENSE-MIT
toml_datetime,0.6.11,MIT OR Apache-2.0,MIT,22cddaf88f4fbc13c51aebbf5f8eceb5c7c5a9da2ac40a13519eb5b0a0e8f11c,https://static.crates.io/crates/toml_datetime/toml_datetime-0.6.11.crate,https://github.com/toml-rs/toml,toml_datetime-0.6.11/LICENSE-APACHE; toml_datetime-0.6.11/LICENSE-MIT
toml_datetime,1.1.1+spec-1.1.0,MIT OR Apache-2.0,MIT,3165f65f62e28e0115a00b2ebdd37eb6f3b641855f9d636d3cd4103767159ad7,https://static.crates.io/crates/toml_datetime/toml_datetime-1.1.1+spec-1.1.0.crate,https://github.com/toml-rs/toml,toml_datetime-1.1.1+spec-1.1.0/LICENSE-APACHE; toml_datetime-1.1.1+spec-1.1.0/LICENSE-MIT
toml_edit,0.22.27,MIT OR Apache-2.0,MIT,41fe8c660ae4257887cf66394862d21dbca4a6ddd26f04a3560410406a2f819a,https://static.crates.io/crates/toml_edit/toml_edit-0.22.27.crate,https://github.com/toml-rs/toml,toml_edit-0.22.27/LICENSE-APACHE; toml_edit-0.22.27/LICENSE-MIT
toml_edit,0.25.15+spec-1.1.0,MIT OR Apache-2.0,MIT,1340ea94a5856333492c9064b02c778b191dd2c853778d9609debdcdfea3a614,https://static.crates.io/crates/toml_edit/toml_edit-0.25.15+spec-1.1.0.crate,https://github.com/toml-rs/toml,toml_edit-0.25.15+spec-1.1.0/LICENSE-APACHE; toml_edit-0.25.15+spec-1.1.0/LICENSE-MIT
toml_parser,1.1.3+spec-1.1.0,MIT OR Apache-2.0,MIT,1d38ac1cf9b95face32296c0a3ede1fdc270627c9d9c02a7274dd6d960dc4d56,https://static.crates.io/crates/toml_parser/toml_parser-1.1.3+spec-1.1.0.crate,https://github.com/toml-rs/toml,toml_parser-1.1.3+spec-1.1.0/LICENSE-APACHE; toml_parser-1.1.3+spec-1.1.0/LICENSE-MIT
toml_write,0.1.2,MIT OR Apache-2.0,MIT,5d99f8c9a7727884afe522e9bd5edbfc91a3312b36a77b5fb8926e4c31a41801,https://static.crates.io/crates/toml_write/toml_write-0.1.2.crate,https://github.com/toml-rs/toml,toml_write-0.1.2/LICENSE-APACHE; toml_write-0.1.2/LICENSE-MIT
uncased,0.9.10,MIT OR Apache-2.0,MIT,e1b88fcfe09e89d3866a5c11019378088af2d24c3fbd4f0543f96b479ec90697,https://static.crates.io/crates/uncased/uncased-0.9.10.crate,https://github.com/SergioBenitez/uncased,uncased-0.9.10/LICENSE-APACHE; uncased-0.9.10/LICENSE-MIT
unicode-ident,1.0.26,(MIT OR Apache-2.0) AND Unicode-3.0,MIT AND Unicode-3.0,d245f478577f809a851594d02313b640fb437e0bb33866753cff937863096954,https://static.crates.io/crates/unicode-ident/unicode-ident-1.0.26.crate,https://github.com/dtolnay/unicode-ident,unicode-ident-1.0.26/LICENSE-APACHE; unicode-ident-1.0.26/LICENSE-MIT; unicode-ident-1.0.26/LICENSE-UNICODE
unicode-xid,0.2.6,MIT OR Apache-2.0,MIT,ebc1c04c71510c7f702b52b7c350734c9ff1295c464a03335b00bb84fc54f853,https://static.crates.io/crates/unicode-xid/unicode-xid-0.2.6.crate,https://github.com/unicode-rs/unicode-xid,unicode-xid-0.2.6/COPYRIGHT; unicode-xid-0.2.6/LICENSE-APACHE; unicode-xid-0.2.6/LICENSE-MIT
version_check,0.9.5,MIT/Apache-2.0,MIT,0b928f33d975fc6ad9f86c8f283853ad26bdd5b10b7f1542aa2fa15e2289105a,https://static.crates.io/crates/version_check/version_check-0.9.5.crate,https://github.com/SergioBenitez/version_check,version_check-0.9.5/LICENSE-APACHE; version_check-0.9.5/LICENSE-MIT
void,1.0.2,MIT,MIT,6a02e4885ed3bc0f2de90ea6dd45ebcbb66dacffe03547fadbb0eeae2770887d,https://static.crates.io/crates/void/void-1.0.2.crate,https://github.com/reem/rust-void.git,
walkdir,2.5.0,Unlicense/MIT,MIT,29790946404f91d9c5d06f9874efddea1dc06c5efe94541a7d6863108e3a5e4b,https://static.crates.io/crates/walkdir/walkdir-2.5.0.crate,https://github.com/BurntSushi/walkdir,walkdir-2.5.0/COPYING; walkdir-2.5.0/LICENSE-MIT; walkdir-2.5.0/UNLICENSE
wasm-bindgen,0.2.129,MIT OR Apache-2.0,MIT,9bb54f33acc68fd454578d9820b0bde1a1a3d17aa17bb7b6595806d02886d409,https://static.crates.io/crates/wasm-bindgen/wasm-bindgen-0.2.129.crate,https://github.com/wasm-bindgen/wasm-bindgen,wasm-bindgen-0.2.129/LICENSE-APACHE; wasm-bindgen-0.2.129/LICENSE-MIT
wasm-bindgen-macro,0.2.129,MIT OR Apache-2.0,MIT,2e29d0c35b16e224a7eeb5cd2d25e3e1968fbd65604117b44d3b789d00ee8535,https://static.crates.io/crates/wasm-bindgen-macro/wasm-bindgen-macro-0.2.129.crate,https://github.com/wasm-bindgen/wasm-bindgen/tree/master/crates/macro,wasm-bindgen-macro-0.2.129/LICENSE-APACHE; wasm-bindgen-macro-0.2.129/LICENSE-MIT
wasm-bindgen-macro-support,0.2.129,MIT OR Apache-2.0,MIT,6f501a8bc3719dba86ef8ae4728879c08001bea749eb1333ac5b91e040e2a6b7,https://static.crates.io/crates/wasm-bindgen-macro-support/wasm-bindgen-macro-support-0.2.129.crate,https://github.com/wasm-bindgen/wasm-bindgen/tree/main/crates/macro-support,wasm-bindgen-macro-support-0.2.129/LICENSE-APACHE; wasm-bindgen-macro-support-0.2.129/LICENSE-MIT
wasm-bindgen-shared,0.2.129,MIT OR Apache-2.0,MIT,23f0c9c52aa7cd7d77769a4cfe2a9adb1b331f489a41d912ce14513d5ab995c6,https://static.crates.io/crates/wasm-bindgen-shared/wasm-bindgen-shared-0.2.129.crate,https://github.com/wasm-bindgen/wasm-bindgen/tree/master/crates/shared,wasm-bindgen-shared-0.2.129/LICENSE-APACHE; wasm-bindgen-shared-0.2.129/LICENSE-MIT
which,4.4.2,MIT,MIT,87ba24419a2078cd2b0f2ede2691b6c66d8e47836da3b6db8265ebad47afbfc7,https://static.crates.io/crates/which/which-4.4.2.crate,https://github.com/harryfei/which-rs.git,which-4.4.2/LICENSE.txt
winapi-util,0.1.11,Unlicense OR MIT,MIT,c2a7b1c03c876122aa43f3020e6c3c3ee5c05081c9a00739faf7503aeba10d22,https://static.crates.io/crates/winapi-util/winapi-util-0.1.11.crate,https://github.com/BurntSushi/winapi-util,winapi-util-0.1.11/COPYING; winapi-util-0.1.11/LICENSE-MIT; winapi-util-0.1.11/UNLICENSE
windows-core,0.62.2,MIT OR Apache-2.0,MIT,b8e83a14d34d0623b51dce9581199302a221863196a1dde71a7663a4c2be9deb,https://static.crates.io/crates/windows-core/windows-core-0.62.2.crate,https://github.com/microsoft/windows-rs,windows-core-0.62.2/license-apache-2.0; windows-core-0.62.2/license-mit
windows-implement,0.60.2,MIT OR Apache-2.0,MIT,053e2e040ab57b9dc951b72c264860db7eb3b0200ba345b4e4c3b14f67855ddf,https://static.crates.io/crates/windows-implement/windows-implement-0.60.2.crate,https://github.com/microsoft/windows-rs,windows-implement-0.60.2/license-apache-2.0; windows-implement-0.60.2/license-mit
windows-interface,0.59.3,MIT OR Apache-2.0,MIT,3f316c4a2570ba26bbec722032c4099d8c8bc095efccdc15688708623367e358,https://static.crates.io/crates/windows-interface/windows-interface-0.59.3.crate,https://github.com/microsoft/windows-rs,windows-interface-0.59.3/license-apache-2.0; windows-interface-0.59.3/license-mit
windows-link,0.2.1,MIT OR Apache-2.0,MIT,f0805222e57f7521d6a62e36fa9163bc891acd422f971defe97d64e70d0a4fe5,https://static.crates.io/crates/windows-link/windows-link-0.2.1.crate,https://github.com/microsoft/windows-rs,windows-link-0.2.1/license-apache-2.0; windows-link-0.2.1/license-mit
windows-result,0.4.1,MIT OR Apache-2.0,MIT,7781fa89eaf60850ac3d2da7af8e5242a5ea78d1a11c49bf2910bb5a73853eb5,https://static.crates.io/crates/windows-result/windows-result-0.4.1.crate,https://github.com/microsoft/windows-rs,windows-result-0.4.1/license-apache-2.0; windows-result-0.4.1/license-mit
windows-strings,0.5.1,MIT OR Apache-2.0,MIT,7837d08f69c77cf6b07689544538e017c1bfcf57e34b4c0ff58e6c2cd3b37091,https://static.crates.io/crates/windows-strings/windows-strings-0.5.1.crate,https://github.com/microsoft/windows-rs,windows-strings-0.5.1/license-apache-2.0; windows-strings-0.5.1/license-mit
windows-sys,0.52.0,MIT OR Apache-2.0,MIT,282be5f36a8ce781fad8c8ae18fa3f9beff57ec1b52cb3de0789201425d9a33d,https://static.crates.io/crates/windows-sys/windows-sys-0.52.0.crate,https://github.com/microsoft/windows-rs,windows-sys-0.52.0/license-apache-2.0; windows-sys-0.52.0/license-mit
windows-sys,0.59.0,MIT OR Apache-2.0,MIT,1e38bc4d79ed67fd075bcc251a1c39b32a1776bbe92e5bef1f0bf1f8c531853b,https://static.crates.io/crates/windows-sys/windows-sys-0.59.0.crate,https://github.com/microsoft/windows-rs,windows-sys-0.59.0/license-apache-2.0; windows-sys-0.59.0/license-mit
windows-sys,0.61.2,MIT OR Apache-2.0,MIT,ae137229bcbd6cdf0f7b80a31df61766145077ddf49416a728b02cb3921ff3fc,https://static.crates.io/crates/windows-sys/windows-sys-0.61.2.crate,https://github.com/microsoft/windows-rs,windows-sys-0.61.2/license-apache-2.0; windows-sys-0.61.2/license-mit
windows-targets,0.52.6,MIT OR Apache-2.0,MIT,9b724f72796e036ab90c1021d4780d4d3d648aca59e491e6b98e725b84e99973,https://static.crates.io/crates/windows-targets/windows-targets-0.52.6.crate,https://github.com/microsoft/windows-rs,windows-targets-0.52.6/license-apache-2.0; windows-targets-0.52.6/license-mit
windows_aarch64_gnullvm,0.52.6,MIT OR Apache-2.0,MIT,32a4622180e7a0ec044bb555404c800bc9fd9ec262ec147edd5989ccd0c02cd3,https://static.crates.io/crates/windows_aarch64_gnullvm/windows_aarch64_gnullvm-0.52.6.crate,https://github.com/microsoft/windows-rs,windows_aarch64_gnullvm-0.52.6/license-apache-2.0; windows_aarch64_gnullvm-0.52.6/license-mit
windows_aarch64_msvc,0.52.6,MIT OR Apache-2.0,MIT,09ec2a7bb152e2252b53fa7803150007879548bc709c039df7627cabbd05d469,https://static.crates.io/crates/windows_aarch64_msvc/windows_aarch64_msvc-0.52.6.crate,https://github.com/microsoft/windows-rs,windows_aarch64_msvc-0.52.6/license-apache-2.0; windows_aarch64_msvc-0.52.6/license-mit
windows_i686_gnu,0.52.6,MIT OR Apache-2.0,MIT,8e9b5ad5ab802e97eb8e295ac6720e509ee4c243f69d781394014ebfe8bbfa0b,https://static.crates.io/crates/windows_i686_gnu/windows_i686_gnu-0.52.6.crate,https://github.com/microsoft/windows-rs,windows_i686_gnu-0.52.6/license-apache-2.0; windows_i686_gnu-0.52.6/license-mit
windows_i686_gnullvm,0.52.6,MIT OR Apache-2.0,MIT,0eee52d38c090b3caa76c563b86c3a4bd71ef1a819287c19d586d7334ae8ed66,https://static.crates.io/crates/windows_i686_gnullvm/windows_i686_gnullvm-0.52.6.crate,https://github.com/microsoft/windows-rs,windows_i686_gnullvm-0.52.6/license-apache-2.0; windows_i686_gnullvm-0.52.6/license-mit
windows_i686_msvc,0.52.6,MIT OR Apache-2.0,MIT,240948bc05c5e7c6dabba28bf89d89ffce3e303022809e73deaefe4f6ec56c66,https://static.crates.io/crates/windows_i686_msvc/windows_i686_msvc-0.52.6.crate,https://github.com/microsoft/windows-rs,windows_i686_msvc-0.52.6/license-apache-2.0; windows_i686_msvc-0.52.6/license-mit
windows_x86_64_gnu,0.52.6,MIT OR Apache-2.0,MIT,147a5c80aabfbf0c7d901cb5895d1de30ef2907eb21fbbab29ca94c5b08b1a78,https://static.crates.io/crates/windows_x86_64_gnu/windows_x86_64_gnu-0.52.6.crate,https://github.com/microsoft/windows-rs,windows_x86_64_gnu-0.52.6/license-apache-2.0; windows_x86_64_gnu-0.52.6/license-mit
windows_x86_64_gnullvm,0.52.6,MIT OR Apache-2.0,MIT,24d5b23dc417412679681396f2b49f3de8c1473deb516bd34410872eff51ed0d,https://static.crates.io/crates/windows_x86_64_gnullvm/windows_x86_64_gnullvm-0.52.6.crate,https://github.com/microsoft/windows-rs,windows_x86_64_gnullvm-0.52.6/license-apache-2.0; windows_x86_64_gnullvm-0.52.6/license-mit
windows_x86_64_msvc,0.52.6,MIT OR Apache-2.0,MIT,589f6da84c646204747d1270a2a5661ea66ed1cced2631d546fdfb155959f9ec,https://static.crates.io/crates/windows_x86_64_msvc/windows_x86_64_msvc-0.52.6.crate,https://github.com/microsoft/windows-rs,windows_x86_64_msvc-0.52.6/license-apache-2.0; windows_x86_64_msvc-0.52.6/license-mit
winnow,0.7.15,MIT,MIT,df79d97927682d2fd8adb29682d1140b343be4ac0f08fd68b7765d9c059d3945,https://static.crates.io/crates/winnow/winnow-0.7.15.crate,https://github.com/winnow-rs/winnow,winnow-0.7.15/LICENSE-MIT
winnow,1.0.4,MIT,MIT,23b97319f7b8343df12cc98938e5c3eb436064524c8d2b4e30a1d3a36eecdf81,https://static.crates.io/crates/winnow/winnow-1.0.4.crate,https://github.com/winnow-rs/winnow,winnow-1.0.4/LICENSE-MIT
zeroize,1.9.0,Apache-2.0 OR MIT,MIT,e13c156562582aa81c60cb29407084cdb54c4164760106ab78e6c5b0858cf64e,https://static.crates.io/crates/zeroize/zeroize-1.9.0.crate,https://github.com/RustCrypto/utils,zeroize-1.9.0/LICENSE-APACHE; zeroize-1.9.0/LICENSE-MIT
zmij,1.0.23,MIT,MIT,29666d0abbfad1e3dc4dcf6144730dd3a3ab225bbbdac83319345b1b44ccfc1b,https://static.crates.io/crates/zmij/zmij-1.0.23.crate,https://github.com/dtolnay/zmij,zmij-1.0.23/LICENSE-MIT
